Year,Month,Day,Time (in MPH),Speed
2019,12,02,14:01:31,30.279656694805535
2019,12,02,14:01:36,20.21569987985106
2019,12,02,14:01:51,18.44349198764391
2019,12,02,14:01:56,20.27187652473165
2019,12,02,14:02:24,28.786470149185376
2019,12,02,14:02:30,20.630285381714017
2019,12,02,14:02:35,17.336657906992375
2019,12,02,14:02:45,18.917569323960024
2019,12,02,14:02:50,20.65816983197745
2019,12,02,14:16:21,25.694900541827252
2019,12,02,14:16:27,19.31582235760801
2020,02,04,20:35:44,41.968772983114455
2020,02,04,20:35:48,21.024526393336533
2020,02,04,20:36:16,22.367758302978363
2020,02,04,20:36:30,19.1143427208317
2020,02,04,20:36:37,17.555967730772657
2020,02,04,20:36:47,27.910332235816032
2020,02,05,11:54:23,36.828480508026104
2020,02,05,11:54:27,18.954877855576274
2020,02,06,00:03:44,55.82184055906798
2020,02,07,06:03:38,9.186708272829172,060338300602
2020,02,07,06:03:57,7.124504492356452,060357479272
2020,02,07,06:04:12,6.8168310969390005,060412774078
2020,02,07,06:04:39,6.860344855399265,060439893843
2020,02,07,06:04:53,7.935083255928759,060453889284
2020,02,07,06:15:06,11.397889959922683,061506552102
2020,02,07,06:15:23,6.755180531478865,061523543877
2020,02,07,06:15:41,5.90542236496017,061541533395
2020,02,07,06:16:13,6.390136685135187,061613303348
2020,02,07,06:16:28,6.810886533972265,061628238040
2020,02,07,06:19:35,8.84377638145053,061935255789
2020,02,07,06:19:55,5.474566012652809,061955058789
2020,02,07,06:20:14,5.348503106120584,062014094660
2020,02,07,06:20:46,6.631183919328802,062046877503
2020,02,07,06:21:02,7.5031110341418525,062102095415
2020,02,07,06:28:46,11.72840626382761,062846680067
2020,02,07,06:29:04,6.421163465552182,062904299036
2020,02,07,06:29:21,6.640663417982209,062921181873
2020,02,07,06:29:50,6.372417591786431,062950587660
2020,02,07,06:30:06,6.823883279871202,063006661862
